{
    "feature_coefficients": {
        "policy_id": -0.20201852368168785,
        "age": 1.221931202568391,
        "family_members": 0.6674772298793775,
        "premium_amount": -0.01071451079680858,
        "premium_per_family_member": 0.08519908224886176,
        "premium_per_age": 0.1365495475864954,
        "age_family_ratio": 0.2053444559525722,
        "premium_standardized": -0.01071451079680778,
        "age_group_30-40": 1.5762040235642951,
        "age_group_40-50": 0.7760770765077653,
        "age_group_50-60": 1.3012007811617021,
        "age_group_>60": -1.0807952965622833,
        "family_size_category_couple": 0.04861046343543113,
        "family_size_category_small": 0.37820141179315114,
        "family_size_category_medium": 0.5920120038139032,
        "family_size_category_large": 0.5052273662893034,
        "premium_quantile_Q2": -0.23410567064316476,
        "premium_quantile_Q3": -0.2358945958789271,
        "premium_quantile_Q4": -0.038037054608720686,
        "premium_quantile_Q5": -0.1264957221423131
    },
    "intercept": 3.065783501918272,
    "feature_names": [
        "policy_id",
        "age",
        "family_members",
        "premium_amount",
        "premium_per_family_member",
        "premium_per_age",
        "age_family_ratio",
        "premium_standardized",
        "age_group_30-40",
        "age_group_40-50",
        "age_group_50-60",
        "age_group_>60",
        "family_size_category_couple",
        "family_size_category_small",
        "family_size_category_medium",
        "family_size_category_large",
        "premium_quantile_Q2",
        "premium_quantile_Q3",
        "premium_quantile_Q4",
        "premium_quantile_Q5"
    ]
}